aku	I; me; my	Aku is the less formal version of #Saya, and is used in more casual contexts, like with friends acquantainces and people of your same age who you don't need to give a higher level of respect too.	Saya	pronouns	several links	word	Pronoun	-	-	Aku cinta kamu;													50			
kamu	you; your	Kamu is the less formal and more common form of #Anda		pronouns	several links	word	Pronoun	-		programmed													50			
yang	that, which, who				several links	word		-		programmed													50			
tidak	no; not	There are different words to mean No, Not, and Don't.  	bukan; gak	no-and-not; negate; simple-answers	different ways to say no/not/don't; gak	word		-		programmed													50			
ini	this	To refer to something generally near by	itu	this-that	several links	word		-		programmed													50			
itu	that, it	To refer to something that isn't within reach	ini		several links	word		-		programmed													50			
dan	and				several links	word		-		programmed													50			
di	in; at; on	There is also an unrelated grammar rule that adds a prefix "di" attached to words.  This is not the same thing, eventhough people often incorrectly write this form of "di" attached to the following word, which is incorrect and has a different meaning		prepositions?	several links	word	preposition?	-		programmed													50			
dia	he, she; him; hers; it				several links	word		-		programmed													50			
akan	will, going to, about to; regarding, about				several links	word		-		programmed													50			
apa	what				several links	word		-		programmed													50			
kita	we; us; our				several links	word		-		programmed													50			
untuk	for				several links	word		-		programmed													50			
anda	you; your				several links	word		-		programmed													50			
bisa	to be able				several links	word		-		programmed													50			
ada	there is, there are; to exist				several links	word		-		programmed													50			
mereka	they; them; their				several links	word		-		programmed													50			
saya	I; me; my				several links	word		-		programmed													50			
tahu	to know				several links	word		-		programmed													50			
dengan	with		sama		several links	word		-		programmed													50			
dari	from; out of; than				several links	word		-		programmed													50			
ya	yes		iya		several links	word		-		programmed													50			
kami	we; us; our	Used to refer to "us/we" when not including the person you are talking to.  (See also #kita when saying "we/us" but also including the person you're talking to)	kita		several links	word		-		programmed													50			
tapi	but				several links	word		-		programmed													50			
ke	to				several links	word		-		programmed													50			
harus	to have to, must, should		perlu		several links	word		-		programmed													50			
sudah	[used to indicate past action], already			before-after; already-not-yet	several links	word		-		programmed													50			
adalah	am, is, are; was, were				several links	word		-		programmed													50			
orang	person				several links	word		-		programmed													50			
saja	just, only		aja		several links	word		-		programmed													50			
ingin	to wish, desire		mau		several links	word		-		programmed													50			
seperti	like, as				several links	word		-		programmed													50			
pergi	to go				several links	word		-		programmed													50			
jika	if; when (future)				several links	word		-		programmed													50			
hanya	only, just				several links	word		-		programmed													50			
sini	here				several links	word		-		programmed													50			
sekarang	now; nowadays				several links	word		-		programmed													50			
semua	all				several links	word		-		programmed													50			
dalam	inside, in; deep				several links	word		-		programmed													50			
jadi	so, therefore				several links	word		-		programmed													50			
baik	good, fine; ok				several links	word		-		programmed													50			
bukan	no, not; isn't it, aren't you, etc.				several links	word		-		programmed													50			
jangan	don't				several links	word		-		programmed													50			
bagaimana	how				several links	word		-		programmed													50			
punya	to have, own				several links	word		-		programmed													50			
lagi	again; any more, any longer; more				several links	word		-		programmed													50			
lebih	more				several links	word		-		programmed													50			
pada	at, on, in				several links	word		-		programmed													50			
mungkin	maybe, possibly, probably				several links	word		-		programmed													50			
melakukan	to do				several links	word		-		programmed													50			
kalian	you				several links	word		-		programmed																
sangat	very				several links	word		-		programmed																
karena	because				several links	word		-		programmed																
satu	one				several links	word		-		programmed																
pernah	once; ever				several links	word		-		programmed																
mau	to want				several links	word		-		programmed																
telah	[used to describe past action], already				several links	word		-		programmed																
ayo	come on, let's go				several links	word		-		programmed																
siapa	who				several links	word		-		programmed																
juga	also, too				several links	word		-		programmed																
hal	matter, thing; case, instance				several links	word		-		programmed																
kembali	to return, come back				several links	word		-		programmed																
datang	to come, arrive				several links	word		-		programmed																
atau	or				several links	word		-		programmed																
hari	day				several links	word		-		programmed																
sesuatu	something				several links	word		-		programmed																
kasih	love, affection				several links	word		-		programmed																
melihat	to see, look				several links	word		-		programmed																
banyak	many, a lot				several links	word		-		programmed																
saat	moment; while				several links	word		-		programmed																
benar	true, right, correct				several links	word		-		programmed																
terima kasih	thank you				several links	word		-		programmed																
begitu	like that; so, very				several links	word		-		programmed																
tentang	about, regarding				several links	word		-		programmed																
terjadi	to happen				several links	word		-		programmed																
bahwa	that				several links	word		-		programmed																
menjadi	to become				several links	word		-		programmed																
kenapa	why, how come				several links	word		-		programmed																
seorang	a (person)				several links	word		-		programmed																
bagus	good, fine				several links	word		-		programmed																
bilang	to say				several links	word		-		programmed																
masih	still, yet				several links	word		-		programmed																
oke	ok				several links	word		-		programmed																
sana	there				several links	word		-		programmed																
kalau	if		kalo; jika		several links	word		-		programmed																
keluar	to go out, come out				several links	word		-		programmed																
mana	where				several links	word		-		programmed																
lain	another, other				several links	word		-		programmed																
waktu	time				several links	word		-		programmed																
malam	evening, night				several links	word		-		programmed																
tempat	place				several links	word		-		programmed																
mati	to die; dead				several links	word		-		programmed																
lalu	afterwards, then				several links	word		-		programmed																
maaf	sorry				several links	word		-		programmed																
dapat	to be able to; get, obtain				several links	word		-		programmed																
membuat	to make				several links	word		-		programmed																
memiliki	to own, possess				several links	word		-		programmed																
anak	child				several links	word		-		programmed																
tahun	year				several links	word		-		programmed																
sedang	[used to form present continuous]; medium, average				several links	word		-		programmed																
sampai	until; to arrive*				several links	word		-		programmed																
mengapa	why				several links	word		-		programmed																
beberapa	several, some, a few				several links	word		-		programmed																
sekali	very				several links	word		-		programmed																
baru	new, recent; just, only				several links	word		-		programmed																
mengatakan	to say				several links	word		-		programmed																
sendiri	-self; by -self				several links	word		-		programmed																
sebuah	a, an				several links	word		-		programmed																
ayah	father				several links	word		-		programmed																
menunggu	to wait				several links	word		-		programmed																
hidup	to live, be alive; life; alive				several links	word		-		programmed																
memerlukan	to need; necessary				several links	word		-		programmed																
ketika	when				several links	word		-		programmed																
salah	wrong, mistaken				several links	word		-		programmed																
cepat	fast, quick				several links	word		-		programmed																
sama	same, equal; together with*				several links	word		-		programmed																
besar	big, large, great				several links	word		-		programmed																
masuk	to enter, come in				several links	word		-		programmed																
semuanya	everything, all				several links	word		-		programmed																
mendengar	to hear				several links	word		-		programmed																
rumah	house				several links	word		-		programmed																
pikir	to think				several links	word		-		programmed																
dua	two				several links	word		-		programmed																
tuhan	God				several links	word		-		programmed																
masalah	problem				several links	word		-		programmed																
selamat	[used for greetings/well-wishing]; congratulations; good luck; safe, unharmed				several links	word		-		programmed																
tentu	certain, sure				several links	word		-		programmed																
pasti	certain, definite				several links	word		-		programmed																
belum	not yet				several links	word		-		programmed																
bapak	father; [term of address for own father or respected older man]				several links	word		-		programmed																
berbicara	to speak				several links	word		-		programmed																
suka	to like				several links	word		-		programmed																
cukup	enough, sufficient; quite				several links	word		-		programmed																
selalu	always				several links	word		-		programmed																
pria	man; male				several links	word		-		programmed																
seseorang	someone				several links	word		-		programmed																
mengerti	to understand				several links	word		-		programmed																
sedikit	a little, a bit; few; slightly				several links	word		-		programmed																
ibu	mother; [term of address for own mother or respected older woman]				several links	word		-		programmed																
berada	to be (somewhere)				several links	word		-		programmed																
atas	on top of, above; over; up, upwards; because of				several links	word		-		programmed																
setelah	after				several links	word		-		programmed																
menolong	to help				several links	word		-		programmed																
tinggal	to live, stay, remain				several links	word		-		programmed																
sayang	pity; affection, love; darling, dear				several links	word		-		programmed																
menemukan	to find, discover; invent				several links	word		-		programmed																
bahkan	moreover, in fact; on the contrary				several links	word		-		programmed																
percaya	to believe, trust				several links	word		-		programmed																
jalan	path, street, road				several links	word		-		programmed																
bertemu	to meet				several links	word		-		programmed																
bekerja	to work				several links	word		-		programmed																
lama	long (duration); old, former				several links	word		-		programmed																
terlalu	too (excessively)				several links	word		-		programmed																
makan	to eat				several links	word		-		programmed																
wanita	woman				several links	word		-		programmed																
mari	[polite way of inviting sb. to do sth.], let's; please, help yourself				several links	word		-		programmed																
kecil	small, little				several links	word		-		programmed																
kali	time (instance)				several links	word		-		programmed																
tetap	fixed, permanent; still				several links	word		-		programmed																
setiap	every, each				several links	word		-		programmed																
sebagai	as (something)				several links	word		-		programmed																
oleh	by (somebody/something)				several links	word		-		programmed																
berhenti	to stop, cease				several links	word		-		programmed																
yakin	sure, convinced				several links	word		-		programmed																
membunuh	to kill				several links	word		-		programmed																
luar	outside; external				several links	word		-		programmed																
mengambil	to take; get, fetch				several links	word		-		programmed																
cara	way, method, manner				several links	word		-		programmed																
dunia	world				several links	word		-		programmed																
mulai	to begin, start; from (time)				several links	word		-		programmed																
pertama	first				several links	word		-		programmed																
selama	during; as long as				several links	word		-		programmed																
sebelum	before				several links	word		-		programmed																
uang	money				several links	word		-		programmed																
bersama	together, jointly				several links	word		-		programmed																
teman	friend				several links	word		-		programmed																
boleh	may, can; to be allowed				several links	word		-		programmed																
senang	happy, content; to like				several links	word		-		programmed																
merasa	to feel; to think				several links	word		-		programmed																
mencari	to look for, search for				several links	word		-		programmed																
gadis	unmarried girl				several links	word		-		programmed																
membutuhkan	to need				several links	word		-		programmed																
jam	hour; clock; o'clock				several links	word		-		programmed																
mencoba	to try, attempt				several links	word		-		programmed																
tanpa	without				several links	word		-		programmed																
dulu	first, before; used to, formerly				several links	word		-		programmed																
polisi	police				several links	word		-		programmed																
buruk	bad				several links	word		-		programmed																
sebenarnya	actually, in fact				several links	word		-		programmed																
para	[pluralizes the following word]				several links	word		-		programmed																
berapa	how much, how many; how (+ adjective)				several links	word		-		programmed																
membawa	to bring, carry				several links	word		-		programmed																
kemudian	then, later				several links	word		-		programmed																
siap	ready, prepared				several links	word		-		programmed																
ingat	to remember				several links	word		-		programmed																
sial	bad luck; unlucky				several links	word		-		programmed																
membiarkan	to let, allow				several links	word		-		programmed																
mobil	car				several links	word		-		programmed																
takkan	will not, won't				several links	word		-		programmed																
tuan	Mr., sir				several links	word		-		programmed																
tidur	sleep; to sleep				several links	word		-		programmed																
gila	crazy, mad				several links	word		-		programmed																
maksud	purpose, intention; meaning				several links	word		-		programmed																
kepada	to (a person)				several links	word		-		programmed																
terus	to continue				several links	word		-		programmed																
pulang	to go home, return				several links	word		-		programmed																
segera	soon; immediately				several links	word		-		programmed																
kota	city, town				several links	word		-		programmed																
sakit	sick, ill; pain				several links	word		-		programmed																
nama	name				several links	word		-		programmed																
halo	hello				several links	word		-		programmed																
takut	to be afraid				several links	word		-		programmed																
pun	even, also; then, subsequently				several links	word		-		programmed																
sialan	unlucky person or thing; damn it!				several links	word		-		programmed																
seharusnya	should, ought to				several links	word		-		programmed																
memang	indeed, that's true				several links	word		-		programmed																
terakhir	last, final				several links	word		-		programmed																
biasa	normal, usual, ordinary; used to, accustomed to				several links	word		-		programmed																
tiga	three				several links	word		-		programmed																
membantu	to help				several links	word		-		programmed																
terlihat	visible, seen				several links	word		-		programmed																
depan	front; next (week etc.)				several links	word		-		programmed																
cinta	love; to love				several links	word		-		programmed																
sebentar	in a moment				several links	word		-		programmed																
minta	to ask, request; please				several links	word		-		programmed																
bodoh	stupid				several links	word		-		programmed																
bagian	part, share				several links	word		-		programmed																
manusia	human				several links	word		-		programmed																
bawah	under, beneath, below				several links	word		-		programmed																
berhasil	to succeed				several links	word		-		programmed																
tepat	exact, precise; appropriate, right				several links	word		-		programmed																
memberi	to give				several links	word		-		programmed																
rasa	taste, flavour; feeling				several links	word		-		programmed																
air	water				several links	word		-		programmed																
sepertinya	it seems like				several links	word		-		programmed																
pagi	morning				several links	word		-		programmed																
sungguh	real, true				several links	word		-		programmed																
hebat	superb, great				several links	word		-		programmed																
bagi	for; to divide				several links	word		-		programmed																
tangan	arm, hand				several links	word		-		programmed																
pekerjaan	job, work				several links	word		-		programmed																
kehilangan	loss				several links	word		-		programmed																
mengikuti	to follow; join in				several links	word		-		programmed																
keluarga	family				several links	word		-		programmed																
cuma	merely, only				several links	word		-		programmed																
nanti	later				several links	word		-		programmed																
suatu	a (certain)				several links	word		-		programmed																
tua	old				several links	word		-		programmed																
bergerak	to move				several links	word		-		programmed																
paling	the most				several links	word		-		programmed																
tenang	calm, still, quiet				several links	word		-		programmed																
jauh	far				several links	word		-		programmed																
masa	the time period				several links	word		-		programmed																
menit	minute				several links	word		-		programmed																
meninggalkan	to leave behind, abandon				several links	word		-		programmed																
terbaik	the best				several links	word		-		programmed																
peduli	to care, bother				several links	word		-		programmed																
penting	important				several links	word		-		programmed																
aneh	strange, peculiar				several links	word		-		programmed																
seluruh	entire, whole				several links	word		-		programmed																
menghentikan	to stop (something)				several links	word		-		programmed																
selesai	finished, completed				several links	word		-		programmed																
tadi	just now				several links	word		-		programmed																
duduk	to sit				several links	word		-		programmed																
kedua	both; second				several links	word		-		programmed																
bulan	month; moon				several links	word		-		programmed																
senjata	weapon				several links	word		-		programmed																
besok	tomorrow				several links	word		-		programmed																
khawatir	to worry				several links	word		-		programmed																
kepala	head; chief				several links	word		-		programmed																
minum	to drink				several links	word		-		programmed																
berarti	to mean; significant, meaningful				several links	word		-		programmed																
secara	[used to form adverbs], in a [adj.] way				several links	word		-		programmed																
pintu	door, gate				several links	word		-		programmed																
hampir	nearly, almost				several links	word		-		programmed																
sekolah	school				several links	word		-		programmed																
berjalan	to walk; go				several links	word		-		programmed																
diam	silent, quiet				several links	word		-		programmed																
sebelumnya	previously, beforehand				several links	word		-		programmed																
aman	safe				several links	word		-		programmed																
sekitar	around				several links	word		-		programmed																
buat	for				several links	word		-		programmed																
kemari	come here, this way				several links	word		-		programmed																
sejak	since				several links	word		-		programmed																
nah	well, well then; look!				several links	word		-		programmed																
maka	therefore, so				several links	word		-		programmed																
bermain	to play				several links	word		-		programmed																
menggunakan	to use				several links	word		-		programmed																
astaga	gosh!, for heaven's sake!				several links	word		-		programmed																
cari	to look for, search for				several links	word		-		programmed																
sulit	difficult, complicated				several links	word		-		programmed																
dekat	close, near				several links	word		-		programmed																
jatuh	to fall				several links	word		-		programmed																
kapan	when				several links	word		-		programmed																
memberitahu	to tell, inform				several links	word		-		programmed																
kesempatan	opportunity				several links	word		-		programmed																
cantik	beautiful, pretty				several links	word		-		programmed																
benarkah	really?, is it true?				several links	word		-		programmed																
mudah	easy				several links	word		-		programmed																
kawan	friend				several links	word		-		programmed																
mendapatkan	to obtain				several links	word		-		programmed																
menarik	to pull; to attract; interesting, attractive				several links	word		-		programmed																
soal	matter, issue, question				several links	word		-		programmed																
mata	eye				several links	word		-		programmed																
berakhir	to end				several links	word		-		programmed																
nya	[suffix added to words to indicate possession]; the				several links	word		-		programmed																
hati	liver; heart (figurative)				several links	word		-		programmed																
jelas	clear, distinct				several links	word		-		programmed																
akhirnya	finally, eventually				several links	word		-		programmed																
minggu	week				several links	word		-		programmed																
tim	team				several links	word		-		programmed																
indah	beautiful				several links	word		-		programmed																
alasan	reason				several links	word		-		programmed																
bangun	to get up, wake up				several links	word		-		programmed																
keras	hard; loud				several links	word		-		programmed																
serius	serious				several links	word		-		programmed																
berubah	to become different, change				several links	word		-		programmed																
menyenangkan	to please; pleasing				several links	word		-		programmed																
kosong	empty; blank				several links	word		-		programmed																
belakang	back, rear; behind				several links	word		-		programmed																
dokter	doctor				several links	word		-		programmed																
agar	in order to				several links	word		-		programmed																
kuat	strong				several links	word		-		programmed																
lari	to run				several links	word		-		programmed																
mendengarkan	to listen				several links	word		-		programmed																
kamar	room				several links	word		-		programmed																
kata	word				several links	word		-		programmed																
Amerika	America				several links	word		-		programmed																
berharap	to hope				several links	word		-		programmed																
bertanya	to ask a question				several links	word		-		programmed																
bajingan	bastard				several links	word		-		programmed																
berbeda	different				several links	word		-		programmed																
hilang	lost, missing				several links	word		-		programmed																
darah	blood				several links	word		-		programmed																
makanan	food				several links	word		-		programmed																
menurut	according to				several links	word		-		programmed																
perang	war				several links	word		-		programmed																
bantuan	help, assistance				several links	word		-		programmed																
raja	king				several links	word		-		programmed																
demi	for the sake of				several links	word		-		programmed																
kabar	news				several links	word		-		programmed																
telepon	telephone				several links	word		-		programmed																
kehidupan	life				several links	word		-		programmed																
buku	book				several links	word		-		programmed																
meninggal	to die				several links	word		-		programmed																
ruang	space; room				several links	word		-		programmed																
daripada	than; instead of				several links	word		-		programmed																
turun	to descend, go down				several links	word		-		programmed																
lima	five				several links	word		-		programmed																
kaki	foot, leg				several links	word		-		programmed																
menyelamatkan	to save, rescue				several links	word		-		programmed																
melepaskan	to release, set free				several links	word		-		programmed																
menuju	to approach, go towards				several links	word		-		programmed																
kapal	boat, ship				several links	word		-		programmed																
pertanyaan	question				several links	word		-		programmed																
suara	voice; vote				several links	word		-		programmed																
anjing	dog				several links	word		-		programmed																
naik	to ascend, go up, climb				several links	word		-		programmed																
dasar	base, basis, foundation				several links	word		-		programmed																
muda	young				several links	word		-		programmed																
permisi	excuse me				several links	word		-		programmed																
perjalanan	journey, trip				several links	word		-		programmed																
kasus	case				several links	word		-		programmed																
tinggi	high, tall				several links	word		-		programmed																
lupa	to forget				several links	word		-		programmed																
marah	angry				several links	word		-		programmed																
menikah	to marry				several links	word		-		programmed																
lewat	through, via; past, over (in time phrases)				several links	word		-		programmed																
ide	idea				several links	word		-		programmed																
rencana	plan				several links	word		-		programmed																
belajar	to learn, study				several links	word		-		programmed																
silakan	please (when offering)				several links	word		-		programmed																
penuh	full				several links	word		-		programmed																
lucu	funny, amusing; cute				several links	word		-		programmed																
negara	country, state				several links	word		-		programmed																
berusaha	to try, endeavour				several links	word		-		programmed																
berdiri	to stand				several links	word		-		programmed																
cerita	story				several links	word		-		programmed																
kecuali	except				several links	word		-		programmed																
tanah	land; ground, soil				several links	word		-		programmed																
kekuatan	strength, power				several links	word		-		programmed																
buka	open				several links	word		-		programmed																
langsung	direct, straight				several links	word		-		programmed																
menang	to win				several links	word		-		programmed																
antara	between				several links	word		-		programmed																
membicarakan	to discuss, talk about				several links	word		-		programmed																
menunjukkan	to point out, show				several links	word		-		programmed																
bila	when, if				several links	word		-		programmed																
kematian	death				several links	word		-		programmed																
pesawat	airplane				several links	word		-		programmed																
Nona	Miss				several links	word		-		programmed																
melalui	through, via; by means of				several links	word		-		programmed																
sendirian	alone				several links	word		-		programmed																
melawan	to oppose, be against				several links	word		-		programmed																
akhir	end				several links	word		-		programmed																
menerima	to receive; accept				several links	word		-		programmed																
rahasia	secret				several links	word		-		programmed																
nomor	number				several links	word		-		programmed																
sepanjang	along				several links	word		-		programmed																
terlambat	late, delayed				several links	word		-		programmed																
api	fire, flame				several links	word		-		programmed																
pesta	party, celebration				several links	word		-		programmed																
memahami	to understand, comprehend				several links	word		-		programmed																
artinya	it means, that is to say				several links	word		-		programmed																
brengsek	damn!, blast!				several links	word		-		programmed																
empat	four				several links	word		-		programmed																
kira	to guess, assume				several links	word		-		programmed																
pilihan	choice, selection				several links	word		-		programmed																
rasanya	it appears, it seems				several links	word		-		programmed																
sementara	during, while; temporary				several links	word		-		programmed																
panas	hot				several links	word		-		programmed																
memilih	to choose, select; vote				several links	word		-		programmed																
semakin	even more, more and more				several links	word		-		programmed																
mulia	noble, honourable				several links	word		-		programmed																
omong	to speak, talk				several links	word		-		programmed																
film	film				several links	word		-		programmed																
tiba	to arrive				several links	word		-		programmed																
menembak	to shoot				several links	word		-		programmed																
bung	mate, man, buddy				several links	word		-		programmed																
memakai	to wear; use				several links	word		-		programmed																
tampak	to appear, be visible				several links	word		-		programmed																
segalanya	everything				several links	word		-		programmed																
membayar	to pay				several links	word		-		programmed																
penjara	jail, prison				several links	word		-		programmed																
kesalahan	error, mistake; fault				several links	word		-		programmed																
sempurna	perfect				several links	word		-		programmed																
menahan	to hold back, restrain				several links	word		-		programmed																
pesan	message; instruction, order				several links	word		-		programmed																
perusahaan	company				several links	word		-		programmed																
bercanda	to joke				several links	word		-		programmed																
bayi	baby				several links	word		-		programmed																
bahagia	happy, joyous				several links	word		-		programmed																
nyata	real; evident, obvious				several links	word		-		programmed																
mengenal	to know, be acquainted with				several links	word		-		programmed																
menjawab	to answer, reply				several links	word		-		programmed																
tutup	closed, shut				several links	word		-		programmed																
bahasa	language				several links	word		-		programmed																
semoga	hopefully				several links	word		-		programmed																
keren	great, cool, impressive				several links	word		-		programmed																
bertahan	to last, hold out				several links	word		-		programmed																
muncul	to appear, emerge				several links	word		-		programmed																
kantor	office				several links	word		-		programmed																
terbang	to fly				several links	word		-		programmed																
surat	letter; certificate				several links	word		-		programmed																
mundur	to go back, reverse; retreat				several links	word		-		programmed																
mesin	machine, engine				several links	word		-		programmed																
janji	promise				several links	word		-		programmed																
beruntung	lucky, fortunate				several links	word		-		programmed																
permainan	game				several links	word		-		programmed																
perintah	command, order				several links	word		-		programmed																
bumi	earth				several links	word		-		programmed																
sebaiknya	preferably, it's best if				several links	word		-		programmed																
gue	I; me				several links	word		-		programmed																
dingin	cold				several links	word		-		programmed																
setuju	to agree				several links	word		-		programmed																
awal	beginning; early				several links	word		-		programmed																
menjaga	to guard, keep watch				several links	word		-		programmed																
putri	daughter				several links	word		-		programmed																
perempuan	female				several links	word		-		programmed																
guru	teacher				several links	word		-		programmed																
mengulangi	to repeat				several links	word		-		programmed																
berikutnya	next				several links	word		-		programmed																
namun	however, yet				several links	word		-		programmed																
tampaknya	apparently, it seems that				several links	word		-		programmed																
setidaknya	at least				several links	word		-		programmed																
semacam	a kind of, a type of				several links	word		-		programmed																
sering	often				several links	word		-		programmed																
bisnis	business				several links	word		-		programmed																
membeli	to buy				several links	word		-		programmed																
menghancurkan	to destroy, smash, crush				several links	word		-		programmed																
segala	all, every; entirely				several links	word		-		programmed																
tanda	sign, mark				several links	word		-		programmed																
kelas	class				several links	word		-		programmed																
barang	goods; stuff				several links	word		-		programmed																
membaca	I read				several links	word		-		programmed																
berita	news				several links	word		-		programmed																
sehingga	with the result that				several links	word		-		programmed																
laut	sea				several links	word		-		programmed																
kurang	less; minus				several links	word		-		programmed																
jahat	bad, wicked, evil				several links	word		-		programmed																
menangkap	to catch; capture				several links	word		-		programmed																
setengah	half				several links	word		-		programmed																
menelepon	to telephone				several links	word		-		programmed																
pikiran	thought				several links	word		-		programmed																
mencuri	to steal				several links	word		-		programmed																
menulis	to write				several links	word		-		programmed																
berbahaya	dangerous				several links	word		-		programmed																
mimpi	dream				several links	word		-		programmed																
tugas	task, duty				several links	word		-		programmed																
benda	thing, object				several links	word		-		programmed																
sang	[used to denote respect]				several links	word		-		programmed																
siang	late morning, early afternoon				several links	word		-		programmed																
tersebut	mentioned, aforementioned				several links	word		-		programmed																
meskipun	although				several links	word		-		programmed																
hukum	law				several links	word		-		programmed																
berani	brave, courageous				several links	word		-		programmed																
istri	wife				several links	word		-		programmed																
saudara	sibling; relative; [formal term of address for people of equivalent status]				several links	word		-		programmed																
hitam	black				several links	word		-		programmed																
menangis	to cry				several links	word		-		programmed																
terluka	injured, hurt				several links	word		-		programmed																
manis	sweet; pretty				several links	word		-		programmed																
kunci	key				several links	word		-		programmed																
hubungan	link, connection, relationship				several links	word		-		programmed																
sebelah	next to; one half				several links	word		-		programmed																
juta	million				several links	word		-		programmed																
agak	rather, quite				several links	word		-		programmed																
mengenai	about, concerning				several links	word		-		programmed																
musim	season				several links	word		-		programmed																
tubuh	body				several links	word		-		programmed																
Inggris	England				several links	word		-		programmed																
kereta	carriage, wagon				several links	word		-		programmed																
enam	six				several links	word		-		programmed																
sebabnya	the reason is, the reason being				several links	word		-		programmed																
berbohong	to lie, tell a lie				several links	word		-		programmed																
udara	air				several links	word		-		programmed																
menyesal	to regret				several links	word		-		programmed																
mengirim	to send				several links	word		-		programmed																
mengerikan	terrifying, horrifying				several links	word		-		programmed																
putih	white				several links	word		-		programmed																
melindungi	to protect, shelter				several links	word		-		programmed																
sisi	side				several links	word		-		programmed																
hadiah	gift, present; prize				several links	word		-		programmed																
arah	direction				several links	word		-		programmed																
merah	red				several links	word		-		programmed																
memikirkan	to think about				several links	word		-		programmed																
informasi	information				several links	word		-		programmed																
lantai	floor; storey				several links	word		-		programmed																
berat	heavy; weight				several links	word		-		programmed																
terhadap	regarding, concerning				several links	word		-		programmed																
pindah	to move (house, country)				several links	word		-		programmed																
bebas	free				several links	word		-		programmed																
membenci	to hate				several links	word		-		programmed																
presiden	president				several links	word		-		programmed																
enak	delicious, tasty; pleasant				several links	word		-		programmed																
betapa	how very				several links	word		-		programmed																
kemarin	yesterday				several links	word		-		programmed																
nyonya	Mrs., madam				several links	word		-		programmed																
pribadi	personal, private				several links	word		-		programmed																
wajah	face				several links	word		-		programmed																
selamanya	forever				several links	word		-		programmed																
obat	medicine				several links	word		-		programmed																
bersalah	guilty				several links	word		-		programmed																
memutuskan	to decide				several links	word		-		programmed																
melewati	to pass through, go through				several links	word		-		programmed																
saling	each other, one another				several links	word		-		programmed																
lagu	song				several links	word		-		programmed																
menghilang	to disappear				several links	word		-		programmed																
bergabung	to join, join in				several links	word		-		programmed																
paman	uncle				several links	word		-		programmed																
sistem	system				several links	word		-		programmed																
menghabiskan	to spend; use up, finish				several links	word		-		programmed																
memanggil	to call, summon				several links	word		-		programmed																
kartu	card				several links	word		-		programmed																
mengubah	to alter, change				several links	word		-		programmed																
mampu	able, capable				several links	word		-		programmed																
membuka	to open				several links	word		-		programmed																
begini	like this				several links	word		-		programmed																
pintar	clever				several links	word		-		programmed																
hingga	until				several links	word		-		programmed																
selain	besides, apart from				several links	word		-		programmed																
lu	you				several links	word		-		programmed																
milik	property, possession				several links	word		-		programmed																
kanan	right (direction)				several links	word		-		programmed																
mengalami	to experience				several links	word		-		programmed																
musik	music				several links	word		-		programmed																
jenis	kind, sort, type				several links	word		-		programmed																
berjanji	to promise				several links	word		-		programmed																
toko	shop, store				several links	word		-		programmed																
keadaan	condition, state				several links	word		-		programmed																
entah	to not know				several links	word		-		programmed																
menyerang	to attack				several links	word		-		programmed																
keamanan	safety, security				several links	word		-		programmed																
memeriksa	to check, examine				several links	word		-		programmed																
menyerah	to surrender, give in				several links	word		-		programmed																
sibuk	busy				several links	word		-		programmed																
panjang	long; length				several links	word		-		programmed																
bos	boss				several links	word		-		programmed																
batu	stone				several links	word		-		programmed																
pernikahan	wedding				several links	word		-		programmed																
pakaian	clothes				several links	word		-		programmed																
gagal	to fail				several links	word		-		programmed																
detik	second				several links	word		-		programmed																
tertawa	to laugh				several links	word		-		programmed																
tentara	army				several links	word		-		programmed																
jujur	honest				several links	word		-		programmed																
tengah	middle				several links	word		-		programmed																
sadar	conscious, aware				several links	word		-		programmed																
mandi	to bathe, have a bath				several links	word		-		programmed																
biasanya	usually				several links	word		-		programmed																
matahari	sun				several links	word		-		programmed																
kiri	left				several links	word		-		programmed																
foto	photograph				several links	word		-		programmed																
petugas	officer				several links	word		-		programmed																
burung	bird				several links	word		-		programmed																
anggota	member				several links	word		-		programmed																
bintang	star				several links	word		-		programmed																
akal	intellect, reason				several links	word		-		programmed																
ruangan	room, chamber				several links	word		-		programmed																
kecelakaan	accident				several links	word		-		programmed																
hutan	forest, wood				several links	word		-		programmed																
memukul	to hit, strike				several links	word		-		programmed																
makhluk	creature				several links	word		-		programmed																
seberapa	as much as				several links	word		-		programmed																
posisi	position				several links	word		-		programmed																
panggilan	call				several links	word		-		programmed																
nenek	grandmother				several links	word		-		programmed																
khusus	special				several links	word		-		programmed																
terbuka	open				several links	word		-		programmed																
mohon	to beg, implore; request				several links	word		-		programmed																
perasaan	feeling				several links	word		-		programmed																
acara	program, agenda				several links	word		-		programmed																
utama	main				several links	word		-		programmed																
tertarik	attracted, interested				several links	word		-		programmed																
kamera	camera				several links	word		-		programmed																
cahaya	light; glow				several links	word		-		programmed																
menonton	to watch (for entertainment)				several links	word		-		programmed																
tujuan	aim, goal; destination				several links	word		-		programmed																
gak	no; not				several links	word		-		programmed																
catatan	note				several links	word		-		programmed																
menggambar	to draw				several links	word		-		programmed																
mabuk	drunk				several links	word		-		programmed																
utara	north				several links	word		-		programmed																
kotak	box				several links	word		-		programmed																
cocok	suitable; agreed!				several links	word		-		programmed																
kabur	blurry, hazy				several links	word		-		programmed																
kalah	to lose, be defeated				several links	word		-		programmed																
kini	nowadays				several links	word		-		programmed																
perhatian	attention				several links	word		-		programmed																
kuda	horse				several links	word		-		programmed																
menyelesaikan	to finish				several links	word		-		programmed																
menjual	to sell				several links	word		-		programmed																
kakak	older brother, older sister				several links	word		-		programmed																
selanjutnya	futhermore, moreover; then, after that				several links	word		-		programmed																
operasi	operation				several links	word		-		programmed																
masalahnya	the problem is				several links	word		-		programmed																
situasi	situation				several links	word		-		programmed																
dewa	god				several links	word		-		programmed																
hak	right, entitlement				several links	word		-		programmed																
sejauh	as far as				several links	word		-		programmed																
daging	meat				several links	word		-		programmed																
kejahatan	crime; wickedness				several links	word		-		programmed																
bank	bank				several links	word		-		programmed																
kulit	skin; leather				several links	word		-		programmed																
es	ice				several links	word		-		programmed																
merupakan	to constitute, form				several links	word		-		programmed																
hantu	ghost				several links	word		-		programmed																
ternyata	evidently; it turned out that				several links	word		-		programmed																
terlibat	involved				several links	word		-		programmed																
kopi	coffee				several links	word		-		programmed																
penjaga	guard				several links	word		-		programmed																
ahli	expert, specialist				several links	word		-		programmed																
melarikan	to run off with; kidnap				several links	word		-		programmed																
gelap	dark				several links	word		-		programmed																
sampah	rubbish, garbage				several links	word		-		programmed																
bau	smell; smelly				several links	word		-		programmed																
emas	gold				several links	word		-		programmed																
mengganggu	to bother, disturb				several links	word		-		programmed																
mengangkat	to lift, raise				several links	word		-		programmed																
berguna	useful				several links	word		-		programmed																
pantas	suitable, appropriate				several links	word		-		programmed																
ketakutan	fear; frightened				several links	word		-		programmed																
menceritakan	to narrate, tell				several links	word		-		programmed																
alam	nature				several links	word		-		programmed																
menyadari	to realise, be aware of				several links	word		-		programmed																
pacar	boyfriend, girlfriend				several links	word		-		programmed																
bersumpah	to swear				several links	word		-		programmed																
istirahat	rest; break, pause				several links	word		-		programmed																
prajurit	soldier				several links	word		-		programmed																
gedung	building				several links	word		-		programmed																
pemerintah	government				several links	word		-		programmed																
pusat	centre; central				several links	word		-		programmed																
daerah	area, region				several links	word		-		programmed																
bernama	to be called				several links	word		-		programmed																
kaya	rich				several links	word		-		programmed																
pohon	tree				several links	word		-		programmed																
alat	tool, device				several links	word		-		programmed																
menempatkan	to place, position				several links	word		-		programmed																
daftar	list				several links	word		-		programmed																
laporan	report				several links	word		-		programmed																
meja	table				several links	word		-		programmed																
kemungkinan	possibility				several links	word		-		programmed																
lapar	hungry				several links	word		-		programmed																
hotel	hotel				several links	word		-		programmed																
nyaman	comfortable, cosy				several links	word		-		programmed																
menghubungi	to contact				several links	word		-		programmed																
minuman	drink				several links	word		-		programmed																
selatan	south				several links	word		-		programmed																
pertemuan	meeting				several links	word		-		programmed																
bahaya	danger				several links	word		-		programmed																
kejadian	incident, event				several links	word		-		programmed																
maju	to advance, progress; advanced, progressive				several links	word		-		programmed																
asing	foreign, alien				several links	word		-		programmed																
binatang	animal				several links	word		-		programmed																
sobat	friend, comrade				several links	word		-		programmed																
rambut	hair				several links	word		-		programmed																
ikan	fish				several links	word		-		programmed																
menutup	to close, shut				several links	word		-		programmed																
layak	decent, proper				several links	word		-		programmed																
sebagian	partly, partially				several links	word		-		programmed																
sejarah	history				several links	word		-		programmed																
balik	to return				several links	word		-		programmed																
sepatu	shoe				several links	word		-		programmed																
kebenaran	truth				several links	word		-		programmed																
rusak	broken, damaged				several links	word		-		programmed																
berasal	to come from				several links	word		-		programmed																
menjelaskan	to explain				several links	word		-		programmed																
berangkat	to depart, leave				several links	word		-		programmed																
otak	brain				several links	word		-		programmed																
bercinta	to be in love				several links	word		-		programmed																
normal	normal				several links	word		-		programmed																
urusan	affair, matter				several links	word		-		programmed																
bangga	proud				several links	word		-		programmed																
tumbuh	to grow				several links	word		-		programmed																
mengalahkan	to beat, defeat				several links	word		-		programmed																
luka	wound, injury				several links	word		-		programmed																
sesuai	suitable, appropriate; in accordance with				several links	word		-		programmed																
harapan	hope; expectation				several links	word		-		programmed																
jiwa	soul, spirit				several links	word		-		programmed																
lahir	to be born; external, outer				several links	word		-		programmed																
memastikan	to make sure, ensure				several links	word		-		programmed																
tujuh	seven				several links	word		-		programmed																
lubang	hole				several links	word		-		programmed																
keputusan	decision				several links	word		-		programmed																
lelah	tired				several links	word		-		programmed																
pengacara	lawyer				several links	word		-		programmed																
kerajaan	kingdom				several links	word		-		programmed																
kelihatannya	apparently, it seems				several links	word		-		programmed																
berhubungan	related to; to get in touch with, be in contact with				several links	word		-		programmed																
suami	husband				several links	word		-		programmed																
terkenal	famous				several links	word		-		programmed																
ampun	forgiveness, mercy				several links	word		-		programmed																
ratu	queen				several links	word		-		programmed																
kelihatan	visible				several links	word		-		programmed																
bermaksud	to intend				several links	word		-		programmed																
dewasa	adult				several links	word		-		programmed																
bunga	flower				several links	word		-		programmed																
malu	shy, embarassed, ashamed				several links	word		-		programmed																
kilometer	kilometre				several links	word		-		programmed																
mengeluarkan	to put out, take out; issue				several links	word		-		programmed																
tersisa	leftover				several links	word		-		programmed																
tewas	to be killed				several links	word		-		programmed																
pedang	sword				several links	word		-		programmed																
jawaban	answer				several links	word		-		programmed																
membangun	to build				several links	word		-		programmed																
kedengarannya	that sounds				several links	word		-		programmed																
aturan	rule, regulation				several links	word		-		programmed																
kacau	messy, disorderly				several links	word		-		programmed																
sepuluh	ten				several links	word		-		programmed																
truk	truck				several links	word		-		programmed																
langkah	step				several links	word		-		programmed																
satunya	the only				several links	word		-		programmed																
awas	be careful, watch out				several links	word		-		programmed																
baju	upper clothing				several links	word		-		programmed																
berharga	to cost; valuable				several links	word		-		programmed																
hasil	result, outcome				several links	word		-		programmed																
hewan	animal				several links	word		-		programmed																
hancur	destroyed, smashed				several links	word		-		programmed																
sungai	river				several links	word		-		programmed																
latihan	training, exercise				several links	word		-		programmed																
titik	point, dot				several links	word		-		programmed																
bertarung	to fight				several links	word		-		programmed																
menyimpan	to keep, store				several links	word		-		programmed																
berteriak	to shout, scream				several links	word		-		programmed																
jendela	window				several links	word		-		programmed																
mencapai	to reach, achieve, attain				several links	word		-		programmed																
tindakan	measure, action, step				several links	word		-		programmed																
Jepang	Japan				several links	word		-		programmed																
mulut	mouth				several links	word		-		programmed																
lemah	week, feeble				several links	word		-		programmed																
tamu	guest				several links	word		-		programmed																
semalam	last night				several links	word		-		programmed																
bahan	material; ingredients				several links	word		-		programmed																
mengejar	to chase				several links	word		-		programmed																
memegang	to hold, grip				several links	word		-		programmed																
situ	there				several links	word		-		programmed																
macam	kind, sort				several links	word		-		programmed																
sederhana	simple				several links	word		-		programmed																
kotoran	dirt, filth; excrement				several links	word		-		programmed																
adil	just, fair				several links	word		-		programmed																
menari	to dance				several links	word		-		programmed																
seks	sex				several links	word		-		programmed																
menemui	to meet up with				several links	word		-		programmed																
menolak	to refuse, reject				several links	word		-		programmed																
bertindak	to act, take action				several links	word		-		programmed																
komputer	computer				several links	word		-		programmed																
memotong	to cut				several links	word		-		programmed																
kode	code				several links	word		-		programmed																
habis	finished, used up; completely; after that*				several links	word		-		programmed																
lampu	lamp, light				several links	word		-		programmed																
pertandingan	competition, contest				several links	word		-		programmed																
ketiga	third				several links	word		-		programmed																
pangeran	prince				several links	word		-		programmed																
Belanda	Dutch				several links	word		-		programmed																
militer	military				several links	word		-		programmed																
radio	radio				several links	word		-		programmed																
terserah	up to you!				several links	word		-		programmed																
bersih	clean				several links	word		-		programmed																
merusak	to damage, spoil				several links	word		-		programmed																
kesepakatan	agreement				several links	word		-		programmed																
palsu	fake, false				several links	word		-		programmed																
tas	bag				several links	word		-		programmed																
berbuat	to do				several links	word		-		programmed																
harga	price				several links	word		-		programmed																
angin	wind				several links	word		-		programmed																
menikmati	to enjoy				several links	word		-		programmed																
maksudnya	that is to say				several links	word		-		programmed																
putus	broken off				several links	word		-		programmed																
kotor	dirty, filthy				several links	word		-		programmed																
memperhatikan	to pay attention				several links	word		-		programmed																
bersembunyi	to hide				several links	word		-		programmed																
pemimpin	leader				several links	word		-		programmed																
pengadilan	court of law				several links	word		-		programmed																
seekor	a, an				several links	word		-		programmed																
pantai	beach, coast				several links	word		-		programmed																
biru	blue				several links	word		-		programmed																
tingkat	level				several links	word		-		programmed																
pulau	island				several links	word		-		programmed																
konyol	silly, foolish				several links	word		-		programmed																
negeri	country				several links	word		-		programmed																
ih	[particle used to soften questions]				several links	word		-		programmed																
hujan	rain				several links	word		-		programmed																
kue	cake				several links	word		-		programmed																
menghadapi	to face, confront				several links	word		-		programmed																
lokasi	location				several links	word		-		programmed																
dinding	wall				several links	word		-		programmed																
timur	east				several links	word		-		programmed																
membayangkan	to imagine				several links	word		-		programmed																
gunung	mountain				several links	word		-		programmed																
terjebak	stuck				several links	word		-		programmed																
termasuk	included				several links	word		-		programmed																
kisah	story				several links	word		-		programmed																
perubahan	change				several links	word		-		programmed																
menyentuh	to touch				several links	word		-		programmed																
cepatlah	hurry up!				several links	word		-		programmed																
berjuang	to fight, struggle				several links	word		-		programmed																
menderita	to suffer				several links	word		-		programmed																
kursi	chair				several links	word		-		programmed																
pisau	knife				several links	word		-		programmed																
meletakkan	to put (something somewhere)				several links	word		-		programmed																
langit	sky				several links	word		-		programmed																
bar	bar				several links	word		-		programmed																
mirip	similar				several links	word		-		programmed																
kucing	cat				several links	word		-		programmed																
seminggu	one week				several links	word		-		programmed																
menjalankan	to operate, run				several links	word		-		programmed																
jantung	heart				several links	word		-		programmed																
warna	colour				several links	word		-		programmed																
barat	west; western				several links	word		-		programmed																
kehormatan	honour				several links	word		-		programmed																
warga	member				several links	word		-		programmed																
kelompok	group				several links	word		-		programmed																
jumlah	amount				several links	word		-		programmed																
sedih	sad				several links	word		-		programmed																
gigi	tooth				several links	word		-		programmed																
Rusia	Russia				several links	word		-		programmed																
menyedihkan	saddening, depressing				several links	word		-		programmed																
garis	line				several links	word		-		programmed																
pihak	side, party				several links	word		-		programmed																
menangani	to handle				several links	word		-		programmed																
ayam	chicken				several links	word		-		programmed																
terbakar	to catch fire, be on fire				several links	word		-		programmed																
menyebabkan	to cause				several links	word		-		programmed																
asli	original; genuine; native				several links	word		-		programmed																
memimpin	to lead				several links	word		-		programmed																
tukang	handyman; craftsman				several links	word		-		programmed																
umum	general; public				several links	word		-		programmed																
jari	digit (body part)				several links	word		-		programmed																
menyakiti	to hurt				several links	word		-		programmed																
sehat	healthy				several links	word		-		programmed																
melanjutkan	to continue				several links	word		-		programmed																
mesjid	mosque				several links	word		-		programmed																
menakjubkan	amazing, astonishing				several links	word		-		programmed																
surga	heaven, paradise				several links	word		-		programmed																
tidak usah	it is not necessary, there's no point				several links	word		-		programmed																
sisa	rest of it, remainder				several links	word		-		programmed																
delapan	eight				several links	word		-		programmed																
persis	exactly, precisely				several links	word		-		programmed																
menciptakan	to create				several links	word		-		programmed																
mengatur	to organize, set up				several links	word		-		programmed																
tulang	bone				several links	word		-		programmed																
gereja	church				several links	word		-		programmed																
penyakit	illness, disease				several links	word		-		programmed																
pemain	player				several links	word		-		programmed																
pertempuran	battle, combat				several links	word		-		programmed																
petunjuk	clue, hint; instruction				several links	word		-		programmed																
lelaki	male				several links	word		-		programmed																
bir	beer				several links	word		-		programmed																
membersihkan	to clean				several links	word		-		programmed																
listrik	electricity; electric				several links	word		-		programmed																
pasangan	pair				several links	word		-		programmed																
ketua	chairman				several links	word		-		programmed																
santai	relaxed; to relax				several links	word		-		programmed																
jelek	ugly; bad				several links	word		-		programmed																
darurat	emergency				several links	word		-		programmed																
menjauh	to be away, stay away				several links	word		-		programmed																
membuang	to throw away				several links	word		-		programmed																
kejutan	surprise				several links	word		-		programmed																
ribu	thousand				several links	word		-		programmed																
supaya	so that; [introduces a polite command]				several links	word		-		programmed																
bentuk	shape				several links	word		-		programmed																
desa	village				several links	word		-		programmed																
babi	pig				several links	word		-		programmed																
kebanyakan	mostly				several links	word		-		programmed																
celana	trousers				several links	word		-		programmed																
suruh	to tell (someone to do something)				several links	word		-		programmed																
halaman	page; yard				several links	word		-		programmed																
betul	right, correct				several links	word		-		programmed																
kencan	date, rendezvous				several links	word		-		programmed																
stasiun	station				several links	word		-		programmed																
melepaskan	to set free				several links	word		-		programmed																
rendah	low				several links	word		-		programmed																
adik	younger brother, younger sister				several links	word		-		programmed																
melompat	to jump				several links	word		-		programmed																
mengurus	to manage				several links	word		-		programmed																
kakek	grandfather				several links	word		-		programmed																
kena	to suffer from				several links	word		-		programmed																
menakutki	to frighten				several links	word		-		programmed																
jalur	lane, track				several links	word		-		programmed																
klub	club				several links	word		-		programmed																
tikus	mouse, rat				several links	word		-		programmed																
taman	park; garden				several links	word		-		programmed																
lepas	loose, free; freelance				several links	word		-		programmed																
sore	afternoon				several links	word		-		programmed																
memperbaiki	to fix, repair				several links	word		-		programmed																
teh	tea				several links	word		-		programmed																
tes	test				several links	word		-		programmed																
tampan	handsome				several links	word		-		programmed																
wah	[exclamation of surprise or annoyance]				several links	word		-		programmed																
kemampuan	ability, capacity				several links	word		-		programmed																
buah	fruit				several links	word		-		programmed																
fokus	focus				several links	word		-		programmed																
lelucon	joke				several links	word		-		programmed																
mengucapkan	to pronounce				several links	word		-		programmed																
kondisi	condition				several links	word		-		programmed																
wilayah	region, district				several links	word		-		programmed																
lapangan	field				several links	word		-		programmed																
mantan	former (position holder), ex-				several links	word		-		programmed																
bakar	to burn; barbecued				several links	word		-		programmed																
tergantung	depending on				several links	word		-		programmed																
bersiap	to get ready				several links	word		-		programmed																
masyarakat	society, community				several links	word		-		programmed																
guna	use, purpose; in order to				several links	word		-		programmed																
menyebutkan	to mention				several links	word		-		programmed																
seni	art				several links	word		-		programmed																
terkejut	surprised, shocked				several links	word		-		programmed																
penerbangan	flight				several links	word		-		programmed																
nyawa	soul				several links	word		-		programmed																
berdoa	to pray				several links	word		-		programmed																
anggur	wine				several links	word		-		programmed																
permintaan	request; demand				several links	word		-		programmed																
terkadang	sometimes				several links	word		-		programmed																
seksi	sexy				several links	word		-		programmed																
bibi	aunt				several links	word		-		programmed																
sumber	source				several links	word		-		programmed																
tangga	stairs; ladder				several links	word		-		programmed																
tanggal	date				several links	word		-		programmed																
kesulitan	difficulty, trouble				several links	word		-		programmed																
suci	holy				several links	word		-		programmed																
kasar	rude; rough, coarse				several links	word		-		programmed																
pencuri	thief				several links	word		-		programmed																
walaupun	although				several links	word		-		programmed																
mencium	to kiss				several links	word		-		programmed																
biaya	cost, expense				several links	word		-		programmed																
kebetulan	coincidence				several links	word		-		programmed																
sejati	genuine, true				several links	word		-		programmed																
sinyal	signal				several links	word		-		programmed																
menghargai	to appreciate, value				several links	word		-		programmed																
program	program				several links	word		-		programmed																
menyembunyikan	to hide (something)				several links	word		-		programmed																
perahu	boat				several links	word		-		programmed																
parah	severe, grave				several links	word		-		programmed																
gerbang	gate				several links	word		-		programmed																
sihir	magic				several links	word		-		programmed																
tiket	ticket				several links	word		-		programmed																
menganggap	to consider				several links	word		-		programmed																
puluh	[multiple of ten]				several links	word		-		programmed																
pertunjukan	show, performance				several links	word		-		programmed																
narkoba	drugs, narcotics				several links	word		-		programmed																
membuktikan	to prove				several links	word		-		programmed																
hijau	green				several links	word		-		programmed																
jarak	distance				several links	word		-		programmed																
malah	on the contrary, instead				several links	word		-		programmed																
semangat	spirit, morale				several links	word		-		programmed																
melanggar	to violate, break				several links	word		-		programmed																
badai	storm				several links	word		-		programmed																
cerdas	intelligent				several links	word		-		programmed																
kertas	paper				several links	word		-		programmed																
hormat	respect; respectful				several links	word		-		programmed																
energi	energy				several links	word		-		programmed																
bersikap	to behave				several links	word		-		programmed																
isi	contents				several links	word		-		programmed																
tekanan	pressure; emphasis				several links	word		-		programmed																
memalukan	shameful, disgraceful				several links	word		-		programmed																
sudut	corner, angle				several links	word		-		programmed																
Perancis	France; French				several links	word		-		programmed																
putra	son				several links	word		-		programmed																
data	data				several links	word		-		programmed																
bocah	small child (aged 2 to 10)				several links	word		-		programmed																
mengagumkan	amazing, astonishing				several links	word		-		programmed																
mustahil	impossible				several links	word		-		programmed																
kejam	cruel				several links	word		-		programmed																
roti	bread				several links	word		-		programmed																
terutama	especially, particularly				several links	word		-		programmed																
istimewa	special				several links	word		-		programmed																
mahal	expensive				several links	word		-		programmed																
menjatuhkan	to drop				several links	word		-		programmed																
kecepatan	speed				several links	word		-		programmed																
pelajaran	lesson				several links	word		-		programmed																
cincin	ring				several links	word		-		programmed																
mengemudikan	to drive				several links	word		-		programmed																
lengkap	complete				several links	word		-		programmed																
pertarungan	fight				several links	word		-		programmed																
sayangnya	unfortunately				several links	word		-		programmed																
dikenal	known				several links	word		-		programmed																
tertangkap	caught				several links	word		-		programmed																
hakim	judge				several links	word		-		programmed																
menyebalkan	annoying				several links	word		-		programmed																
bangunan	building				several links	word		-		programmed																
mengawasi	to oversee, supervise				several links	word		-		programmed																
sengaja	deliberately, on purpose				several links	word		-		programmed																
Cina	China				several links	word		-		programmed																
ponsel	mobile phone				several links	word		-		programmed																
istana	palace				several links	word		-		programmed																
mematikan	to turn off, switch off				several links	word		-		programmed																
keberuntungan	luck				several links	word		-		programmed																
daya	power				several links	word		-		programmed																
kebakaran	fire				several links	word		-		programmed																
sepenuhnya	fully, completely				several links	word		-		programmed																
menanyakan	I ask about, enquire				several links	word		-		programmed																
kendali	control				several links	word		-		programmed																
kenyataan	reality; fact				several links	word		-		programmed																
sebanyak	as much as				several links	word		-		programmed																
restoran	restaurant				several links	word		-		programmed																
pekan	week				several links	word		-		programmed																
hamil	pregnant				several links	word		-		programmed																
pasien	patient			loan-words	several links	word		-		programmed																
roh	spirit				several links	word		-		programmed																
kegelapan	darkness				several links	word		-	gelap	programmed																
taruh	to put, place				several links	word		-		programmed																